,CLF,CPIAUCSL,CRBL.L,DGS10,DX-Y.NYB,EFFR,FX_EURUSD_daily_volatility,GCF,GSPC,HOUST,INDPRO,IXIC,PCEPI,PPIACO,RSXFS,UNRATE,VIX,WALCL,WM2NS
Lag 0,-0.14073441273156648,0.5546418103836044,0.10951813584143674,0.4158651739089846,0.045825668186640016,0.2938734657560528,0.09181354526712684,0.8664833150217578,0.9164586068225866,-0.2852265846442401,0.3545174705544271,0.9386607451093294,0.5695625814251565,0.23399853691619818,0.5843485871853673,-0.08458333007691471,-0.32965072762190845,-0.69015977683511,0.4841187860257056
Lag 1,-0.1539556203206085,0.549366629063085,0.09229044358876617,0.41250986108539267,0.04464030668788889,0.2983443254172047,0.09218111168964133,0.8668659808582838,0.9090083715767416,-0.288417789038209,0.33803090647242917,0.9327694754264709,0.5645606541896295,0.2166648273577816,0.5737478897732171,-0.07559516087500469,-0.3106521341525978,-0.6992934707874381,0.46391519502341527
Lag 2,-0.167440602382708,0.5440615244378207,0.07542549187772976,0.40909082100951205,0.043863510371894406,0.3029704576444192,0.09098630304905769,0.8665913331639542,0.9017878871767604,-0.29254705997240016,0.321280244811556,0.9270079685360648,0.559480144661806,0.19907440396593593,0.5627432508840607,-0.06606999774537782,-0.29405208093896634,-0.7083999510496859,0.44170488480837505
Lag 3,-0.18026215687501124,0.5386873696044923,0.05964928611216154,0.40547127902089647,0.04411831923550057,0.3078490209192408,0.0898649918218962,0.8667621735617581,0.8934667499561444,-0.2977600738331701,0.30370849389899357,0.9195518008054433,0.5542944716220183,0.1811983096786074,0.5507131547945842,-0.05619764078895002,-0.2724822616444196,-0.7180830190399095,0.41870351786897
Lag 4,-0.19369337567271366,0.5333116146493363,0.04233004073340838,0.4021652110895514,0.04230755734395288,0.3130490290534851,0.09181486396285371,0.86770115511295,0.8879633336253157,-0.30096021474019524,0.286665416166623,0.9154654091331428,0.5490955580821573,0.16325980924375588,0.5383732006770794,-0.046168138627380055,-0.26858999694482716,-0.7285746025339317,0.3961169200095489
