{
  "accuracy": 0.37254901960784315,
  "auc": 0.446546052631579,
  "f1": 0.23809523809523808,
  "model_type": "Logistic Regression (Macro)",
  "features": 3
}