{
  "accuracy": 0.6862745098039216,
  "precision": 0.7352941176470589,
  "recall": 0.78125,
  "f1": 0.7575757575757576,
  "auc": 0.71875
}