{
  "accuracy": 0.5490196078431373,
  "auc": 0.553453947368421,
  "f1": 0.5964912280701754,
  "model_type": "Random Forest",
  "features": 6,
  "precision": 0.68,
  "recall": 0.53125
}