{
  "accuracy": 0.5294117647058824,
  "auc": 0.5904605263157895,
  "f1": 0.45454545454545453,
  "model_type": "Random Forest (BTC + Macro + More)",
  "features": 23,
  "precision": 0.8333333333333334,
  "recall": 0.3125
}