{
  "accuracy": 0.49019607843137253,
  "auc": 0.6299342105263157,
  "f1": 0.38095238095238093,
  "model_type": "Random Forest (BTC + Macro + More + Sentiment)",
  "features": 227,
  "precision": 0.8,
  "recall": 0.25
}