{
  "accuracy": 0.6078431372549019,
  "auc": 0.5822368421052632,
  "f1": 0.3333333333333333,
  "model_type": "XGBoost (Macro)",
  "features": 12
}