{
  "accuracy": 0.5294117647058824,
  "auc": 0.5296052631578947,
  "f1": 0.42857142857142855,
  "model_type": "XGBoost",
  "features": 6
}