{
  "accuracy": 0.5294117647058824,
  "auc": 0.46052631578947373,
  "f1": 0.29411764705882354,
  "model_type": "XGBoost (BTC + Macro + More + Sentiment)",
  "features": 15
}